CustomerID,Segment,Churn_Risk,Predicted_CLV,Historical_Revenue,Purchase_Count,Days_Since_Purchase,Alive_Probability
15460,Save At All Costs,0.818257662828404,3681.378367404117,216.76,1,2,1.0
14532,Save At All Costs,0.8159354189901322,3914.9538586878734,222.6,1,1,1.0
14472,Save At All Costs,0.8133866616898346,3574.739618557809,279.88,1,4,1.0
17358,Save At All Costs,0.8129170007104939,3574.739618557809,246.7,1,4,1.0
17343,Save At All Costs,0.8107290647104809,3574.739618557809,193.64,1,4,1.0
17913,Save At All Costs,0.8008489670154895,3574.739618557809,218.05,1,4,1.0
16686,Save At All Costs,0.8007068412269114,3574.739618557809,364.98,1,4,1.0
15527,Save At All Costs,0.7934351167630692,3681.378367404117,221.4,1,3,1.0
13953,Save At All Costs,0.7933445408655599,3914.9538586878734,500.0,1,1,1.0
13029,Save At All Costs,0.7910126859806472,3794.57507012369,382.5,1,2,1.0
13104,Save At All Costs,0.7910126859806472,3681.378367404117,101.76,1,3,1.0
15562,Save At All Costs,0.7910126859806472,4043.2206595478665,134.55,1,0,1.0
17090,Save At All Costs,0.7910126859806472,3681.378367404117,61.2,1,3,1.0
13027,Save At All Costs,0.7907420344303207,3681.378367404117,1440.0,1,3,1.0
15587,Save At All Costs,0.7900379804730708,4043.2206595478665,344.88,1,0,1.0
16996,Save At All Costs,0.7896333372844409,3794.57507012369,127.54000000000002,2,2,1.0
16270,Save At All Costs,0.7895537023687161,3794.57507012369,1141.24,1,2,1.0
15208,Save At All Costs,0.7891804153943268,3794.57507012369,65.4,1,2,1.0
17593,Save At All Costs,0.7891374926811388,3914.9538586878734,662.9,1,1,1.0
12944,Save At All Costs,0.7885197761310551,3681.378367404117,286.95,1,3,1.0
13304,Save At All Costs,0.7883550682000573,4043.2206595478665,300.42,1,0,1.0
16153,Save At All Costs,0.7862226850339655,3681.378367404117,215.01,1,3,1.0
15312,Save At All Costs,0.7858345391796477,3681.378367404117,289.74,1,3,1.0
14099,Save At All Costs,0.7856031338500263,3681.378367404117,383.52,1,3,1.0
13487,Save At All Costs,0.7850667963479998,3794.57507012369,193.15,1,2,1.0
13922,Save At All Costs,0.7840796973544641,4043.2206595478665,172.25,1,0,1.0
14737,Save At All Costs,0.7840176755351984,3794.57507012369,434.0,1,2,1.0
17400,Save At All Costs,0.7826379072099272,3794.57507012369,424.17,1,1,1.0
18245,Save At All Costs,0.7806673038361115,3574.739618557809,365.73,1,4,1.0
15034,Save At All Costs,0.7772604860784318,3794.57507012369,842.9,1,2,1.0
15279,Save At All Costs,0.7758292873565944,3681.378367404117,290.51,1,3,1.0
18097,Save At All Costs,0.7713991919626519,3681.378367404117,182.52,1,3,1.0
14533,Save At All Costs,0.7691700257496089,3914.9538586878734,433.5,1,1,1.0
17621,Save At All Costs,0.7681121222777533,3681.378367404117,239.4,1,3,1.0
15898,Save At All Costs,0.765948618358846,3773.991601080541,521.69,2,16,0.9999999977552478
13165,Save At All Costs,0.765943914544254,4043.2206595478665,354.64,1,0,1.0
14113,Save At All Costs,0.7549436027913599,3681.378367404117,433.5,1,3,1.0
17306,Save At All Costs,0.7538491894267081,3794.57507012369,324.0,1,2,1.0
15502,Save At All Costs,0.7478156123500466,4086.067195603839,929.4,3,17,0.9999999976736578
12841,Save At All Costs,0.7307029703280405,4057.068886198132,505.99,2,18,0.9999999976368344
18118,Save At All Costs,0.7185248063142032,3650.1124262896296,608.51,2,13,0.9999999981045028
17372,Save At All Costs,0.7071272844113412,4820.476726036231,370.78,2,9,0.9999999983118087
16722,Save At All Costs,0.7013613621372992,5107.079261944437,799.52,2,15,0.999999997872278
15100,Save At All Costs,0.6969324409308771,4832.565819858648,700.8,2,15,0.9999999980233945
15039,Save At All Costs,0.6831794846575202,7978.806860328403,1317.76,2,9,0.9999999984083384
17937,Save At All Costs,0.6808442602467382,9590.476740378645,2153.88,2,10,0.9999999982189538
18102,Save At All Costs,0.6761266944634294,17297.174442689306,27834.61,4,14,0.9999999979484604
15356,Save At All Costs,0.6755848587987024,4339.723644792873,365.54,2,9,0.9999999984083384
15514,Save At All Costs,0.6731138062227235,5476.741857803505,1884.71,4,9,0.99999999834799
17897,Save At All Costs,0.6700268553020267,4284.808249567569,434.62,2,16,0.9999999979297032
17850,Save At All Costs,0.667030673060443,28585.069792315586,5391.21,34,21,0.9999999973352648
17677,Save At All Costs,0.6529502556808474,7573.706541093124,1616.6,4,15,0.999999997872278
14796,Save At All Costs,0.6507640729605582,5631.472042005846,1028.82,2,10,0.9999999983009586
16779,Save At All Costs,0.6414471880454244,5424.9366981833855,687.83,2,11,0.9999999982157106
15005,Save At All Costs,0.6405312542171173,4782.580054476734,470.41,2,8,0.9999999984532492
18041,Save At All Costs,0.6398987950847159,3934.635109866424,634.29,3,14,0.9999999980874752
17198,Save At All Costs,0.6366076802431716,4321.395172599449,521.66,2,14,0.999999998063015
17920,Save At All Costs,0.6330529532309123,3968.038443565744,735.91,2,16,0.999999997828781
17809,Save At All Costs,0.6308403481674039,10642.806817997736,1251.5,3,20,0.9999999974741908
13269,Save At All Costs,0.6220716020906171,4943.021423020736,662.1700000000001,2,10,0.999999998350486
13715,Save At All Costs,0.6212786417862922,4062.011002228738,496.63,3,11,0.9999999983237566
16919,Save At All Costs,0.6207775330505274,5276.235517057266,540.01,2,9,0.9999999984083384
16710,Save At All Costs,0.6199806651320401,3851.824235006248,524.97,2,9,0.9999999984083384
12747,Save At All Costs,0.6199070659997488,5211.418556919073,706.27,2,10,0.999999998350486
16011,Save At All Costs,0.6193871821422247,4165.372897664822,406.1,2,11,0.9999999982157106
15808,Save At All Costs,0.6167802373684558,11605.10727352514,2249.85,2,10,0.999999998350486
12921,Save At All Costs,0.6158713600780137,4933.1702468005415,687.8000000000001,2,15,0.9999999980233945
15513,Save At All Costs,0.6150654419986149,8897.655365266197,1313.5,2,14,0.9999999981105454
13069,Save At All Costs,0.6095245752102226,4949.410102431894,644.12,4,10,0.999999998350486
16725,Save At All Costs,0.6094458309726246,4010.423074768152,327.2,3,7,0.9999999985076418
17085,Save At All Costs,0.6093049136511554,5578.756143903045,740.44,2,3,0.9999999987371332
16782,Save At All Costs,0.6088635350235602,4560.69861217604,577.99,2,8,0.9999999984404672
17428,Save At All Costs,0.6077850894792037,6753.498861690244,893.95,2,10,0.9999999983349228
14723,Save At All Costs,0.6073978953579622,4115.0798287589305,471.0,3,6,0.9999999985659452
17069,Save At All Costs,0.6051914243532417,4535.782763774125,583.2,2,3,0.9999999987716804
15224,Save At All Costs,0.6045846036543757,5774.137379207188,322.08,2,7,0.9999999984759962
15574,Save At All Costs,0.6043519475736138,3997.194929648116,590.15,3,7,0.999999998573588
14680,Save At All Costs,0.6038426593054315,10909.471584007397,2875.4,2,9,0.999999998445494
13093,Save At All Costs,0.6038358881882168,22577.241726074244,3795.51,3,7,0.9999999985808788
17412,Save At All Costs,0.6036296266004327,4243.058432442633,447.76,2,6,0.999999998573588
14800,Save At All Costs,0.6030495823912522,7507.713212881368,1219.85,2,11,0.9999999982744024
13694,Save At All Costs,0.6022808615526225,16264.71634965906,2897.04,2,6,0.9999999985808788
16477,Save At All Costs,0.6020720230122301,4803.192756727556,544.4,2,1,0.9999999988507752
17691,Save At All Costs,0.6015063151208256,3839.964025005921,290.40000000000003,2,6,0.9999999985406338
13102,Save At All Costs,0.5994368670173258,5753.924384977117,673.92,2,9,0.9999999983644436
13078,Save At All Costs,0.5984359019672528,5702.354910808976,881.16,2,8,0.9999999984532492
17975,Save At All Costs,0.5979634439390991,5242.8543974765125,621.49,2,9,0.999999998379933
14243,Save At All Costs,0.5955869571573433,4975.3724592528,472.0,2,6,0.999999998576694
16033,Save At All Costs,0.5938862745177729,3805.4734949559593,309.69,2,9,0.999999998421392
13798,Save At All Costs,0.593097032320506,28256.456488800897,4170.66,2,13,0.9999999981718009
16713,Save At All Costs,0.5929050097071394,5527.0049356419695,758.54,2,3,0.9999999987518128
17961,Save At All Costs,0.5921174127925578,5554.011382201734,569.75,3,1,0.999999998811502
15291,Save At All Costs,0.5901208574988661,4629.34488025705,648.9,2,6,0.9999999986327736
13854,Save At All Costs,0.5898737509918658,5302.459213926892,609.4399999999999,2,6,0.999999998576694
17340,Save At All Costs,0.5854520533307798,15935.10168715452,4360.39,2,2,0.9999999987518128
14907,Save At All Costs,0.584667007347327,5396.918481223064,960.69,3,9,0.9999999983945402
13448,Save At All Costs,0.5845031098130885,5068.51673669976,829.5400000000001,3,13,0.9999999981917652
14032,Save At All Costs,0.5833070340553672,5306.076345797548,619.42,2,4,0.9999999986998334
16817,Save At All Costs,0.5829179917569026,3656.130761868868,367.3,2,8,0.9999999984767572
18219,Save At All Costs,0.5819135890092307,4076.9458557175776,390.06,2,9,0.9999999984083384
13199,Save At All Costs,0.5805163903029676,4745.513576911833,711.8,2,7,0.9999999985214474
15570,Save At All Costs,0.5802935877580224,6744.876053097089,1064.64,3,5,0.9999999984112052
17838,Save At All Costs,0.5800300506016406,4023.8597680952544,935.56,2,14,0.9999999980874752
18116,Save At All Costs,0.5798510071616327,7346.752383196648,665.57,3,0,0.9999999988896406
18229,Save At All Costs,0.5793671330122055,4554.897601499022,653.2,2,15,0.9999999980233945
13117,Save At All Costs,0.5786043792420918,3802.541592856385,388.15,2,14,0.9999999980874752
15555,Save At All Costs,0.5776372061776752,8542.294132357076,989.82,3,10,0.999999997922554
17213,Save At All Costs,0.5774438501301992,5208.496328307718,615.85,2,2,0.9999999988005768
13319,Save At All Costs,0.5771979465133432,9193.31994309463,1551.08,4,3,0.9999999987484144
14741,Save At All Costs,0.5766490537017933,4655.6113726062185,495.3,2,10,0.9999999983923712
17228,Save At All Costs,0.5762449125256784,3711.06067820342,355.95,2,16,0.9999999978991708
16499,Save At All Costs,0.575285190338542,4188.434367463447,365.45,2,9,0.99999999834799
15373,Save At All Costs,0.5735869115153219,3994.735020408432,537.1,2,8,0.9999999985076418
14083,Save At All Costs,0.5726887148555806,3629.029043051624,459.89,3,3,0.9999999987666136
14825,Save At All Costs,0.5712338334351995,4317.559876976616,396.43,2,7,0.9999999985406338
17675,Save At All Costs,0.5710741286696597,5846.541924743123,1019.12,2,13,0.9999999980522614
12967,Save At All Costs,0.5685874416994333,4620.165454485373,1660.9,2,6,0.9999999985659452
16455,Save At All Costs,0.5684599939621744,3631.329956284628,531.98,3,9,0.9999999983791472
15601,Save At All Costs,0.5677479216922641,5730.888155554831,1236.45,2,7,0.999999998573588
13495,Save At All Costs,0.5652763028459006,5371.265454122796,865.4300000000001,2,8,0.9999999984767572
18144,Save At All Costs,0.5633307437338616,4746.716710975076,502.65,2,9,0.9999999984672472
17381,Save At All Costs,0.5615984505705527,20085.939156640005,3603.72,3,17,0.9999999977937636
12839,Save At All Costs,0.5605712486479336,5338.008573117892,737.45,2,5,0.9999999985928858
18109,Save At All Costs,0.5602507318460321,4685.731879105745,552.75,2,11,0.9999999982744024
17990,Save At All Costs,0.5600753656375546,4504.171184478258,316.0,2,2,0.9999999987888266
15078,Save At All Costs,0.5591671697390554,5289.874760992264,818.6500000000001,4,3,0.9999999987581408
15811,Save At All Costs,0.5573663378493939,4107.018048863791,438.8,2,6,0.999999998576694
14713,Save At All Costs,0.5573548289301121,3932.5559552199456,425.85,2,6,0.999999998511044
13267,Save At All Costs,0.5553556845500848,5138.0777564381015,622.3000000000001,2,9,0.999999998379933
14092,Save At All Costs,0.553915558578807,6770.844908110652,601.73,2,1,0.9999999988368588
14298,Save At All Costs,0.5535627904304349,18597.427749515144,4689.46,5,3,0.9999999987285548
13564,Save At All Costs,0.5532317264925161,7623.964189849041,1198.38,2,2,0.9999999987581408
16931,Save At All Costs,0.553193155470526,4230.611071134145,364.66,2,6,0.999999998607488
13758,Save At All Costs,0.5516229550608112,4872.807590635405,718.85,2,15,0.9999999980233945
16558,Save At All Costs,0.5493548613757331,5271.950422952352,880.5500000000001,2,6,0.9999999985850044
18168,Save At All Costs,0.5488775823027948,3806.7122490138017,449.94,2,8,0.9999999985169384
15465,Save At All Costs,0.5479631281756155,5098.092096699646,867.85,2,8,0.99999999848759
16161,Save At All Costs,0.5478990382071793,5873.895982529703,576.3,3,8,0.9999999981686608
14085,Save At All Costs,0.5478285173606433,9403.881389833552,1190.24,3,0,0.9999999988896406
16143,Save At All Costs,0.547069239901962,5994.685174914514,811.35,2,3,0.999999998761092
17576,Save At All Costs,0.5464711001893799,4331.722059024425,297.0,2,10,0.9999999982823812
16525,Save At All Costs,0.5460247832714437,5889.854025874376,802.44,2,7,0.9999999985214474
18077,Save At All Costs,0.5459523928279219,4345.752774377581,396.33,2,4,0.9999999986998334
14062,Save At All Costs,0.545191786469193,6860.638415771156,1444.12,3,3,0.999999998744844
17068,Save At All Costs,0.5449917241663715,3716.914340965668,297.45,2,7,0.9999999985406338
17865,Save At All Costs,0.5442766847285596,5613.205164228268,1079.83,2,6,0.9999999985679184
16684,Save At All Costs,0.5439931644972321,26099.220442528363,3113.4,4,3,0.9999999986078096
15235,Save At All Costs,0.5435677278894449,6694.227763781248,694.64,3,0,0.9999999988896406
14180,Save At All Costs,0.5417890558537276,7373.819125302067,896.25,4,6,0.9999999983495328
17243,Save At All Costs,0.5411643977484061,7121.127728517794,855.0500000000001,3,4,0.9999999985975568
17819,Save At All Costs,0.53909423945572,5290.568309466293,980.12,2,11,0.9999999983082024
17211,Save At All Costs,0.5387814805619956,6446.434051117866,779.71,3,2,0.9999999987552444
16607,Save At All Costs,0.5387064766368165,5821.88801957965,654.8199999999999,2,6,0.9999999985028896
13090,Save At All Costs,0.5383664907646205,8327.154778763894,1008.4,3,13,0.9999999980874752
14051,Save At All Costs,0.5382836187199314,12345.535798574016,1828.16,3,3,0.9999999986639236
14733,Save At All Costs,0.5379727246120056,22224.201742644906,4357.22,3,3,0.999999998669408
16539,Save At All Costs,0.5354970138641619,4527.399060658858,747.25,2,6,0.9999999985808788
13756,Save At All Costs,0.5351075440291545,6456.556250347246,1004.4,3,7,0.999999998271388
14901,Save At All Costs,0.5350337430011991,4592.264663086196,497.05,3,9,0.9999999981302246
15983,Save At All Costs,0.5348152360547425,7320.934850133284,1148.27,3,9,0.9999999981505254
17377,Save At All Costs,0.5342418419179205,6327.606830083735,785.08,3,5,0.9999999984566404
16365,Save At All Costs,0.5336724768505174,4533.562717678575,368.46,2,8,0.9999999984653272
15640,Save At All Costs,0.5313839339852745,19414.777756440497,2766.69,3,4,0.9999999986172796
15694,Save At All Costs,0.5288760361676378,6310.165442125797,847.3299999999999,3,9,0.9999999981302246
15044,Save At All Costs,0.526106388433327,14381.02835574132,2139.15,4,1,0.999999998813679
17905,Save At All Costs,0.5259544985789413,3772.865859198009,394.15,2,0,0.9999999988522884
17912,Save At All Costs,0.52275953584022,4545.618938304113,289.41,4,7,0.9999999980728892
17511,Save At All Costs,0.5226667006428223,35707.28740359561,6711.08,3,8,0.999999998261125
15194,Save At All Costs,0.5214998669057098,11436.162966246986,1558.99,3,7,0.9999999982887556
17858,Save At All Costs,0.5175927435914497,12165.568696262915,1556.85,2,8,0.99999999848759
17690,Save At All Costs,0.5141884000887817,4628.485951862529,687.9000000000001,4,13,0.9999999975972916
15867,Save At All Costs,0.5123232565868403,5989.798662617306,557.22,3,3,0.9999999986796162
13468,Save At All Costs,0.5104663626296175,6258.101045173839,911.0,4,7,0.9999999983628698
15856,Save At All Costs,0.5094241585463838,16672.48420133787,3281.31,3,0,0.9999999988896406
18092,Save At All Costs,0.5078043486074901,13922.72470868757,2852.64,3,0,0.9999999988190172
17062,Save At All Costs,0.5055993793223569,4605.477851008957,435.73,3,7,0.9999999983051842
16422,Save At All Costs,0.5039668311917986,5348.494010745251,2025.32,3,3,0.9999999986796162
18055,Save At All Costs,0.5014350480413771,12427.482454021443,1751.12,3,7,0.9999999983051842
14031,Loyalists,0.49718679780085717,8483.393390776808,2568.9500000000003,3,6,0.9999999984461044
16353,Loyalists,0.4962449536478687,5002.607458440706,510.0,4,3,0.999999998592782
14135,Loyalists,0.4890228774612003,5762.096709552679,947.05,4,2,0.9999999987636632
14849,Loyalists,0.48807496160639885,3897.9506957415033,566.89,5,7,0.9999999985808788
17218,Loyalists,0.48749004284002895,5135.294091450158,606.28,3,4,0.9999999985903344
14667,Loyalists,0.4819583643482,14026.361065804756,1998.1,5,9,0.999999997578356
14060,Loyalists,0.4815020730378004,6263.552241846328,874.04,3,8,0.9999999982445562
17894,Loyalists,0.47964914686478133,6145.229952140948,515.85,4,1,0.9999999987943002
16210,Loyalists,0.4787120224523875,33466.30867244083,7000.64,4,7,0.9999999981113694
13050,Loyalists,0.4779391877202336,9794.939603320328,1199.87,4,3,0.9999999985698462
13418,Loyalists,0.4779024024280105,9187.64751652221,1579.62,5,8,0.9999999982445562
17790,Loyalists,0.4778384906129166,5254.368096562327,399.55,5,6,0.9999999983391346
17757,Loyalists,0.46753800660769734,5522.052204353407,565.8000000000001,4,9,0.9999999977347698
16013,Loyalists,0.4674234171540176,16112.244615048256,2973.0,5,6,0.9999999984350472
12748,Loyalists,0.462364996944454,31777.44999124808,4228.13,35,0,0.9999999988912192
13089,Loyalists,0.4547046231399816,41496.41660253703,5953.21,8,7,0.9999999976861718
17230,Loyalists,0.4525774329806625,12517.67587097154,2760.01,6,3,0.9999999987238932
16029,Loyalists,0.4487131972462655,66853.80664417263,13112.52,6,2,0.9999999987175654
14527,Loyalists,0.44765554412929653,7418.639775460938,925.49,4,3,0.999999998592782
13408,Loyalists,0.44695730849494447,16245.345515941695,3031.2000000000003,5,7,0.9999999981113694
13777,Loyalists,0.43789797696912275,5073.649104551813,6961.78,10,0,0.9999999988896406
17841,Loyalists,0.4300824831888322,15852.268465852794,2473.07,6,4,0.9999999982546368
17017,Loyalists,0.42328085954664346,12894.057893967814,2357.64,5,9,0.9999999977347698
15311,Loyalists,0.4179041267519622,17918.9947993799,2676.66,9,0,0.9999999988905022
14606,Loyalists,0.40236767171401633,9767.441884000917,1246.66,8,1,0.9999999987373168
15061,Loyalists,0.4001818961442677,76045.64780677318,19950.66,12,8,0.999999997922148
13767,Loyalists,0.36944141971736905,15823.325146708748,2439.36,6,6,0.999999997486525
12971,Loyalists,0.333297655950824,5322.623979790713,436.19,5,2,0.9999999986621312
17950,Let Go,0.8263608482788062,2771.823527100416,263.17,2,14,1.0
15024,Let Go,0.8254061468869783,2652.6615799267806,491.22,2,15,1.0
14037,Let Go,0.8230204100360684,2835.5114602625986,111.8,1,13,1.0
17816,Let Go,0.822604200348491,2771.823527100416,16.21,1,14,1.0
15525,Let Go,0.8215336535110417,2349.62699770012,313.93,1,22,1.0
16893,Let Go,0.8213452207250985,2710.933713193433,145.93,1,15,1.0
18043,Let Go,0.8213452207250985,2710.933713193433,316.46,1,15,1.0
14449,Let Go,0.8209862846300563,2395.231378961463,210.24,1,21,1.0
14505,Let Go,0.8209536177517568,2972.090351231334,1050.35,1,10,1.0
18156,Let Go,0.8206335969746751,2543.3229748540034,206.23,1,18,1.0
16274,Let Go,0.8204234193777201,2349.62699770012,357.95,1,22,1.0
16520,Let Go,0.820348860013152,2771.823527100416,325.76,1,14,1.0
17732,Let Go,0.8202357200608269,2395.231378961463,303.97,1,21,1.0
14419,Let Go,0.8196608996659296,2835.5114602625986,124.1,1,13,1.0
18004,Let Go,0.8194185046349095,2972.090351231334,169.47,1,11,1.0
17019,Let Go,0.8191758343182401,2596.841876495792,358.82,1,17,1.0
12838,Let Go,0.8191538552482389,2349.62699770012,390.79,1,22,1.0
14560,Let Go,0.8190897912028632,3378.981239070697,408.17,1,6,1.0
14813,Let Go,0.8189584076637054,2543.3229748540034,155.43,2,18,1.0
16923,Let Go,0.8189584076637054,2972.090351231334,550.5,1,11,1.0
15862,Let Go,0.8188749998704558,2349.62699770012,354.23,1,22,1.0
15545,Let Go,0.8186937582770348,2442.6410893668526,135.32999999999998,1,19,1.0
17341,Let Go,0.8186106124972271,2710.933713193433,513.6,1,15,1.0
17126,Let Go,0.8184528160039044,2972.090351231334,212.6,1,11,1.0
13221,Let Go,0.818430838250331,3203.549799499041,498.16,1,8,1.0
15996,Let Go,0.8184242644281899,2710.933713193433,263.25,1,15,1.0
15211,Let Go,0.8182918371268193,2771.823527100416,383.07,1,13,1.0
14396,Let Go,0.8178466862090117,2442.6410893668526,110.35,1,20,1.0
16010,Let Go,0.8175202606436714,2972.090351231334,110.1,1,11,1.0
13145,Let Go,0.8175014129151624,2395.231378961463,295.0,1,20,1.0
15823,Let Go,0.8175014129151624,2395.231378961463,15.0,1,21,1.0
17339,Let Go,0.8175014129151624,2771.823527100416,60.0,1,14,1.0
16726,Let Go,0.817491709067957,3045.435533127611,129.57,1,10,1.0
16775,Let Go,0.8174331625520636,2652.6615799267806,231.9,1,16,1.0
16926,Let Go,0.8174331625520636,2442.6410893668526,230.25,1,20,1.0
13011,Let Go,0.8172556112570005,2395.231378961463,50.55,1,20,1.0
17999,Let Go,0.8170754993803796,2710.933713193433,190.34,1,15,1.0
15916,Let Go,0.8169855764676183,2710.933713193433,232.45,2,15,1.0
17303,Let Go,0.8168243680687116,3045.435533127611,250.04,1,10,1.0
13065,Let Go,0.8166626861209721,2349.62699770012,205.86,1,21,1.0
14524,Let Go,0.8166626861209721,3122.492331866232,275.45,1,9,1.0
15880,Let Go,0.8164533199487727,2543.3229748540034,343.28000000000003,1,18,1.0
17580,Let Go,0.816320049692945,3288.9278022441745,46.85,1,7,1.0
16016,Let Go,0.8163129796685894,2710.933713193433,382.27,1,15,1.0
17869,Let Go,0.8162137613527031,2596.841876495792,214.32,1,16,1.0
17220,Let Go,0.8161526478673521,2835.5114602625986,317.5,1,13,1.0
15723,Let Go,0.8160843975042532,2835.5114602625986,203.1,1,13,1.0
17223,Let Go,0.8160843975042532,2596.841876495792,292.84000000000003,1,17,1.0
15998,Let Go,0.8156462212166555,2972.090351231334,863.39,1,11,1.0
13807,Let Go,0.8156385954759895,2652.6615799267806,112.6,1,16,1.0
17179,Let Go,0.8153564254617711,3045.435533127611,243.0,1,10,1.0
18011,Let Go,0.8153444936056837,2349.62699770012,102.79,1,21,1.0
16550,Let Go,0.8153139210731618,2596.841876495792,554.66,1,17,1.0
17812,Let Go,0.8153139210731618,2596.841876495792,217.55,1,17,1.0
14577,Let Go,0.8151048960065639,2972.090351231334,346.90000000000003,1,11,1.0
12872,Let Go,0.8150675358238095,2771.823527100416,378.53,1,14,1.0
16891,Let Go,0.8150085030655703,2442.6410893668526,232.26,1,20,1.0
17796,Let Go,0.8148687981956074,2543.3229748540034,114.65,1,18,1.0
18260,Let Go,0.8145584713857269,3288.9278022441745,230.7,1,6,1.0
15708,Let Go,0.8144324525402946,2543.3229748540034,350.68,1,18,1.0
12915,Let Go,0.8143463575180693,2395.231378961463,199.65,1,21,1.0
17964,Let Go,0.814186804910686,2395.231378961463,261.76,1,21,1.0
15503,Let Go,0.8138495560707268,2972.090351231334,147.09,1,11,1.0
13230,Let Go,0.8137517525327057,2771.823527100416,93.45,1,13,1.0
15012,Let Go,0.8136597380177599,2349.62699770012,191.06,1,22,1.0
17799,Let Go,0.8136597380177599,3045.435533127611,223.48,1,10,1.0
13969,Let Go,0.8132097063379166,2771.823527100416,317.59000000000003,1,13,1.0
15351,Let Go,0.8129936112469633,2543.3229748540034,274.67,1,18,1.0
17315,Let Go,0.8127057177649947,3378.981239070697,108.92,1,6,1.0
17611,Let Go,0.8125906091290563,3045.435533127611,244.19,1,10,1.0
12942,Let Go,0.8125796139274973,2771.823527100416,258.75,1,14,1.0
13030,Let Go,0.8125796139274973,2596.841876495792,427.74,1,17,1.0
13569,Let Go,0.8125796139274973,2652.6615799267806,118.32,1,16,1.0
15021,Let Go,0.8125796139274973,2710.933713193433,205.64,1,15,1.0
16081,Let Go,0.8125796139274973,2710.933713193433,157.6,1,15,1.0
16442,Let Go,0.8125796139274973,3122.492331866232,151.66,1,9,1.0
17591,Let Go,0.8125223587659578,2652.6615799267806,406.6,1,16,1.0
16221,Let Go,0.8123332286781451,2652.6615799267806,166.74,1,16,1.0
14684,Let Go,0.8122338459386921,2972.090351231334,168.36,1,11,1.0
15889,Let Go,0.812047485703456,2543.3229748540034,297.92,1,18,1.0
14161,Let Go,0.8120370570401451,2543.3229748540034,283.15,1,18,1.0
16717,Let Go,0.8119842892492245,2710.933713193433,307.25,1,14,1.0
16916,Let Go,0.8118045256054858,2395.231378961463,198.08,1,21,1.0
14506,Let Go,0.8116891346439439,2543.3229748540034,269.7,1,18,1.0
15965,Let Go,0.8116470585672644,2652.6615799267806,156.19,1,16,1.0
16402,Let Go,0.8114596144801418,2543.3229748540034,211.8,1,18,1.0
15271,Let Go,0.8114006733179121,2771.823527100416,111.75,1,14,1.0
14573,Let Go,0.811230848879687,2395.231378961463,413.1,1,20,1.0
16059,Let Go,0.811230848879687,2652.6615799267806,118.25,1,16,1.0
16065,Let Go,0.811230848879687,2771.823527100416,372.09,1,14,1.0
16719,Let Go,0.811230848879687,2596.841876495792,430.73,1,17,1.0
16727,Let Go,0.811230848879687,2835.5114602625986,272.82,1,13,1.0
16795,Let Go,0.811230848879687,2771.823527100416,414.88,1,14,1.0
17860,Let Go,0.811230848879687,2596.841876495792,252.8,1,17,1.0
14404,Let Go,0.8112185224558631,2543.3229748540034,133.48,1,18,1.0
17189,Let Go,0.8109844636303347,3203.549799499041,227.22,1,7,1.0
17976,Let Go,0.8109844636303347,2395.231378961463,353.19,1,21,1.0
17214,Let Go,0.8106125007406222,3203.549799499041,171.05,1,8,1.0
15048,Let Go,0.8104753991922522,2596.841876495792,98.7,1,17,1.0
16883,Let Go,0.8104753991922522,2442.6410893668526,128.03,1,20,1.0
16885,Let Go,0.8104753991922522,3378.981239070697,190.65,1,5,1.0
17551,Let Go,0.8104753991922522,3203.549799499041,306.84,1,8,1.0
14498,Let Go,0.8102134965772574,3045.435533127611,166.22,1,10,1.0
15454,Let Go,0.8101940922204581,2972.090351231334,179.1,1,11,1.0
15304,Let Go,0.8098925913746896,2596.841876495792,123.15,1,17,1.0
17449,Let Go,0.8095428438320192,3203.549799499041,684.26,1,8,1.0
15950,Let Go,0.8093569394944454,3203.549799499041,428.8200000000001,1,8,1.0
15780,Let Go,0.8092673352845517,3378.981239070697,177.15,1,6,1.0
16367,Let Go,0.8092602455058713,2972.090351231334,170.91,1,11,1.0
18037,Let Go,0.8092602455058713,2972.090351231334,31.3,1,10,1.0
16805,Let Go,0.8091868217367325,3122.492331866232,214.77,1,9,1.0
14589,Let Go,0.8091266341444419,2442.6410893668526,39.75,1,20,1.0
18016,Let Go,0.8091266341444419,2835.5114602625986,156.65,1,12,1.0
16812,Let Go,0.8091041599305485,3122.492331866232,479.35,1,9,1.0
14390,Let Go,0.8089083838816288,2395.231378961463,223.7,1,21,1.0
17251,Let Go,0.8088554405599002,2972.090351231334,283.28000000000003,1,11,1.0
17967,Let Go,0.8086742128511009,2442.6410893668526,123.07,1,20,1.0
15858,Let Go,0.808406784382549,2652.6615799267806,383.93,1,16,1.0
14985,Let Go,0.8084021877344683,3288.9278022441745,124.51,1,6,1.0
14237,Let Go,0.8083641144326517,2349.62699770012,161.0,1,22,1.0
17530,Let Go,0.8083641144326517,2771.823527100416,300.64,1,13,1.0
15038,Let Go,0.8083276901456383,2543.3229748540034,126.43,1,18,1.0
17191,Let Go,0.8082663154193119,2596.841876495792,510.11,3,17,1.0
13092,Let Go,0.8082148046995847,3203.549799499041,185.45,1,8,1.0
13838,Let Go,0.8079114804580609,2543.3229748540034,238.11,1,18,1.0
15894,Let Go,0.8079114804580609,2543.3229748540034,156.74,1,18,1.0
17392,Let Go,0.8076772917677658,3288.9278022441745,312.41,1,6,1.0
14217,Let Go,0.8075499497990206,2710.933713193433,118.3,1,15,1.0
16835,Let Go,0.8075499497990206,2349.62699770012,81.75,1,21,1.0
13155,Let Go,0.807371687721671,2596.841876495792,379.7,1,17,1.0
17238,Let Go,0.807371687721671,2442.6410893668526,370.09,2,20,1.0
17259,Let Go,0.807371687721671,2596.841876495792,381.64,1,17,1.0
14448,Let Go,0.8072527502095777,2835.5114602625986,102.35,1,12,1.0
14413,Let Go,0.8071870340480873,2972.090351231334,122.7,1,11,1.0
13579,Let Go,0.8065511678654594,2543.3229748540034,164.70000000000002,1,17,1.0
16411,Let Go,0.8060981275540827,2543.3229748540034,131.5,1,18,1.0
14871,Let Go,0.8058313265370893,3122.492331866232,140.4,1,9,1.0
17908,Let Go,0.8053972204471649,2349.62699770012,243.28,1,22,1.0
17917,Let Go,0.8053609906193472,2972.090351231334,110.91,1,11,1.0
15658,Let Go,0.8052336631239382,2395.231378961463,306.2,1,21,1.0
16385,Let Go,0.8051485354743325,2710.933713193433,148.23000000000002,1,15,1.0
17968,Let Go,0.8050267404741923,2349.62699770012,277.35,1,22,1.0
16899,Let Go,0.8049740886952018,3122.492331866232,170.55,1,9,1.0
17375,Let Go,0.804092946959074,3045.435533127611,109.71,1,10,1.0
13668,Let Go,0.804052319300045,2972.090351231334,177.66,1,11,1.0
13649,Let Go,0.8040392934779337,2710.933713193433,197.8,1,15,1.0
16470,Let Go,0.8039879621739879,3288.9278022441745,216.34,1,7,1.0
17059,Let Go,0.8039575522280904,2543.3229748540034,722.36,1,18,1.0
15532,Let Go,0.803913858196407,3288.9278022441745,356.35,1,6,1.0
13173,Let Go,0.8038074171759052,2652.6615799267806,165.94,1,16,1.0
14487,Let Go,0.8037332115459941,2596.841876495792,125.1,1,17,1.0
16658,Let Go,0.8036445758189885,2596.841876495792,123.24,1,17,1.0
14594,Let Go,0.8032930057119196,2349.62699770012,255.0,1,22,1.0
14373,Let Go,0.801722499689474,3288.9278022441745,76.55,1,7,1.0
14030,Let Go,0.8014386884140668,2710.933713193433,676.5,2,14,1.0
14729,Let Go,0.8011875037037346,2349.62699770012,313.49,1,22,1.0
14078,Let Go,0.8010306056416314,2349.62699770012,136.24,1,22,1.0
13140,Let Go,0.8008894032696577,2710.933713193433,159.51,1,15,1.0
16907,Let Go,0.800751319327521,2771.823527100416,182.02,1,13,1.0
17194,Let Go,0.8004275584506402,3122.492331866232,252.62,1,9,1.0
15018,Let Go,0.8000649317993114,2652.6615799267806,111.25,1,16,1.0
14081,Let Go,0.7999334336305375,2543.3229748540034,423.52,1,18,1.0
15860,Let Go,0.7999241170928706,2596.841876495792,102.66,1,17,1.0
14159,Let Go,0.7995812950131018,2972.090351231334,193.22,1,11,1.0
15288,Let Go,0.7981125917353838,2771.823527100416,165.65,1,14,1.0
14810,Let Go,0.7975910645071077,2543.3229748540034,180.44,1,18,1.0
17231,Let Go,0.7967109429697614,3045.435533127611,232.01,1,10,1.0
15426,Let Go,0.796312071280739,2543.3229748540034,411.42,1,18,1.0
14082,Let Go,0.7958920961119094,2835.5114602625986,182.25,1,13,1.0
16519,Let Go,0.7956992017524342,2771.823527100416,103.7,1,14,1.0
16873,Let Go,0.7952606544119705,2835.5114602625986,2157.64,1,13,1.0
16458,Let Go,0.7951269817039259,3122.492331866232,193.9,1,9,1.0
16265,Let Go,0.7950043065986359,2835.5114602625986,840.81,2,13,1.0
17320,Let Go,0.7950043065986359,2596.841876495792,450.92,1,17,1.0
17402,Let Go,0.7945930741206867,2543.3229748540034,459.97,2,18,1.0
17735,Let Go,0.7940564348664766,2652.6615799267806,454.6,1,16,1.0
16898,Let Go,0.7937368301641505,2596.841876495792,116.08,1,17,1.0
17848,Let Go,0.7934351167630692,3288.9278022441745,97.3,1,6,1.0
14414,Let Go,0.793053770246142,3288.9278022441745,217.2,1,7,1.0
18176,Let Go,0.7928716413685869,3288.9278022441745,476.35,1,7,1.0
18178,Let Go,0.7928716413685869,2835.5114602625986,300.65000000000003,1,13,1.0
16904,Let Go,0.7927850310234418,2652.6615799267806,338.70000000000005,2,16,1.0
15955,Let Go,0.7927649434112017,2395.231378961463,572.38,1,21,1.0
14625,Let Go,0.7926152935552523,3045.435533127611,585.53,1,10,1.0
13455,Let Go,0.792566366553287,2710.933713193433,692.94,1,15,1.0
13108,Let Go,0.7924447497919626,2395.231378961463,350.06,1,21,1.0
16656,Let Go,0.7924447497919626,2835.5114602625986,428.76,1,13,1.0
17618,Let Go,0.7924101179244236,2972.090351231334,320.28,1,11,1.0
14702,Let Go,0.7921393501025907,2771.823527100416,318.7,1,13,1.0
16293,Let Go,0.79208421367689,2652.6615799267806,378.75,1,16,1.0
16456,Let Go,0.7920711148640858,2349.62699770012,787.4,1,22,1.0
14409,Let Go,0.7920520212807404,2596.841876495792,328.80000000000007,2,17,1.0
14479,Let Go,0.7920313249077547,2771.823527100416,174.4,1,14,1.0
18119,Let Go,0.7916622089220345,2652.6615799267806,181.12,1,16,1.0
12877,Let Go,0.7915974356853447,3288.9278022441745,150.06,1,7,1.0
14696,Let Go,0.7915974356853447,2349.62699770012,294.62,1,22,1.0
14307,Let Go,0.7915796397047338,2349.62699770012,783.11,1,22,1.0
13627,Let Go,0.7915228763207766,3378.981239070697,311.19,1,6,1.0
14769,Let Go,0.7915228763207766,3378.981239070697,347.01,1,6,1.0
18044,Let Go,0.7914502009288898,3122.492331866232,74.25,1,9,1.0
12989,Let Go,0.7910126859806472,2835.5114602625986,202.5,1,13,1.0
13747,Let Go,0.7910126859806472,2349.62699770012,79.6,1,22,1.0
13748,Let Go,0.7910126859806472,2349.62699770012,204.0,1,22,1.0
14045,Let Go,0.7910126859806472,2349.62699770012,326.4,1,22,1.0
14576,Let Go,0.7910126859806472,2395.231378961463,35.400000000000006,1,20,1.0
14866,Let Go,0.7910126859806472,2710.933713193433,103.68,1,15,1.0
14987,Let Go,0.7910126859806472,2771.823527100416,163.2,1,14,1.0
15070,Let Go,0.7910126859806472,2395.231378961463,106.2,1,21,1.0
15380,Let Go,0.7910126859806472,2771.823527100416,230.1,1,14,1.0
15769,Let Go,0.7910126859806472,2442.6410893668526,91.8,1,20,1.0
16711,Let Go,0.7910126859806472,3378.981239070697,214.2,1,6,1.0
17616,Let Go,0.7910126859806472,2652.6615799267806,326.4,1,16,1.0
17720,Let Go,0.7910126859806472,2652.6615799267806,102.0,1,16,1.0
17752,Let Go,0.7910126859806472,3203.549799499041,80.64,1,7,1.0
17870,Let Go,0.7910126859806472,2710.933713193433,326.4,1,15,1.0
17925,Let Go,0.7910126859806472,2395.231378961463,244.08,1,21,1.0
18113,Let Go,0.7910126859806472,2596.841876495792,76.32000000000001,1,17,1.0
15838,Let Go,0.7907824571512592,2652.6615799267806,957.5,1,16,1.0
14565,Let Go,0.7907563381673125,3045.435533127611,1167.41,1,10,1.0
14415,Let Go,0.7906403119636358,3122.492331866232,875.18,1,9,1.0
17188,Let Go,0.7905925209425341,2972.090351231334,513.64,1,11,1.0
14744,Let Go,0.7904724170581799,2710.933713193433,225.0,1,15,1.0
15298,Let Go,0.7904724170581799,2710.933713193433,397.6,1,15,1.0
17873,Let Go,0.7904724170581799,2349.62699770012,215.15,1,22,1.0
15384,Let Go,0.7904145470783713,3203.549799499041,303.57,1,8,1.0
16654,Let Go,0.7903846349398207,2596.841876495792,227.4,1,17,1.0
15081,Let Go,0.7903577836944145,2652.6615799267806,111.15,1,15,1.0
15159,Let Go,0.7903577836944145,3045.435533127611,1860.98,2,10,1.0
17406,Let Go,0.7903278715558635,2710.933713193433,702.1,1,15,1.0
14709,Let Go,0.7902160692448453,3288.9278022441745,314.1,1,7,1.0
16743,Let Go,0.7901899941279947,3288.9278022441745,430.28,1,7,1.0
17572,Let Go,0.790152949521666,2349.62699770012,70.80000000000001,1,22,1.0
16954,Let Go,0.7900801306204143,3203.549799499041,346.79999999999995,1,8,1.0
14107,Let Go,0.7899532578768692,2835.5114602625986,363.24,1,13,1.0
14748,Let Go,0.7899532578768692,2596.841876495792,470.42,2,17,1.0
15689,Let Go,0.7899190554980996,3045.435533127611,103.5,1,10,1.0
14896,Let Go,0.789893790478478,2771.823527100416,257.22,1,14,1.0
14334,Let Go,0.7896639209328369,3288.9278022441745,320.15,1,6,1.0
13984,Let Go,0.7896023340069799,2710.933713193433,154.8,1,15,1.0
14673,Let Go,0.7896023340069799,2652.6615799267806,373.49,1,16,1.0
16083,Let Go,0.789558645769081,3122.492331866232,337.98,1,9,1.0
13402,Let Go,0.789539861697947,2395.231378961463,308.28000000000003,1,20,1.0
17760,Let Go,0.7894697524378453,2349.62699770012,172.54,1,22,1.0
17827,Let Go,0.7893672736719419,2835.5114602625986,1271.8,3,13,1.0
13097,Let Go,0.7893459861936449,3122.492331866232,304.90000000000003,1,9,1.0
17671,Let Go,0.7893459861936449,2771.823527100416,394.18,1,14,1.0
12826,Let Go,0.7892876235602903,2771.823527100416,155.0,1,14,1.0
17001,Let Go,0.7892348848922,3288.9278022441745,397.96,1,7,1.0
14210,Let Go,0.7892296983861422,2442.6410893668526,304.95000000000005,1,20,1.0
17496,Let Go,0.7891374926811388,3288.9278022441745,271.05,1,7,1.0
16202,Let Go,0.7891305660242165,3122.492331866232,365.27,1,9,1.0
15221,Let Go,0.7891236520103696,2710.933713193433,403.25,1,15,1.0
17419,Let Go,0.7890312757469556,2652.6615799267806,374.27,2,16,1.0
14437,Let Go,0.7889084712454023,2771.823527100416,63.0,1,14,1.0
13369,Let Go,0.7888485086606503,2771.823527100416,308.28000000000003,1,14,1.0
15180,Let Go,0.7887833815366855,2652.6615799267806,87.5,1,16,1.0
14443,Let Go,0.7886506819023846,2596.841876495792,303.5,1,17,1.0
15716,Let Go,0.788619717586728,2543.3229748540034,547.1,1,18,1.0
13295,Let Go,0.7885197761310551,3203.549799499041,201.2,1,8,1.0
14739,Let Go,0.7885197761310551,2652.6615799267806,713.88,1,16,1.0
15101,Let Go,0.7885197761310551,3203.549799499041,102.28,1,8,1.0
15246,Let Go,0.7885197761310551,3288.9278022441745,186.0,1,7,1.0
17706,Let Go,0.7885197761310551,2710.933713193433,477.83,3,15,1.0
13124,Let Go,0.7884296275646254,3203.549799499041,1256.32,1,8,1.0
17744,Let Go,0.7882958168554778,3288.9278022441745,377.52,1,7,1.0
14176,Let Go,0.7882535689591695,2652.6615799267806,159.55,1,16,1.0
17646,Let Go,0.7882535689591695,2771.823527100416,251.0,1,14,1.0
17855,Let Go,0.7882535689591695,2395.231378961463,208.97,1,21,1.0
15363,Let Go,0.7882495156880044,2395.231378961463,326.0,1,21,1.0
16086,Let Go,0.7882495156880044,2652.6615799267806,177.26,1,16,1.0
13034,Let Go,0.7882235954740032,2543.3229748540034,165.86,1,18,1.0
15649,Let Go,0.7881734090884,2652.6615799267806,510.0,1,16,1.0
12963,Let Go,0.788049167144766,2771.823527100416,365.8,1,14,1.0
16546,Let Go,0.7879568191408073,2395.231378961463,299.40000000000003,1,21,1.0
13329,Let Go,0.7879388585124799,2710.933713193433,304.2,1,15,1.0
17076,Let Go,0.7879388585124799,2835.5114602625986,151.5,1,13,1.0
15165,Let Go,0.7877923869730864,2349.62699770012,487.75,1,22,1.0
14608,Let Go,0.7876933175590212,2972.090351231334,204.0,1,11,1.0
14775,Let Go,0.7876637151627608,2395.231378961463,406.56,1,20,1.0
15482,Let Go,0.7876637151627608,3288.9278022441745,723.64,2,7,1.0
16145,Let Go,0.7875926953282893,3203.549799499041,302.78,1,8,1.0
16700,Let Go,0.7875872207708221,2710.933713193433,336.94,1,14,1.0
15789,Let Go,0.787559706197592,3288.9278022441745,351.3,1,7,1.0
17676,Let Go,0.7873899617352714,2710.933713193433,300.7,1,15,1.0
16218,Let Go,0.7872277744672018,2349.62699770012,471.3,1,22,1.0
13496,Let Go,0.7871710110832447,3203.549799499041,501.01,1,8,1.0
14821,Let Go,0.7871710110832447,2710.933713193433,48.8,1,15,1.0
14878,Let Go,0.7871215551848977,3288.9278022441745,322.01,1,7,1.0
15615,Let Go,0.7871215551848977,3203.549799499041,1081.19,3,7,1.0
18085,Let Go,0.7871215551848977,2349.62699770012,303.9,1,22,1.0
17293,Let Go,0.7868973910370294,3045.435533127611,346.14,1,10,1.0
14639,Let Go,0.7868352597876184,3045.435533127611,676.54,1,10,1.0
13488,Let Go,0.7865464671671397,2652.6615799267806,1381.92,1,16,1.0
13983,Let Go,0.7865464671671397,2710.933713193433,329.36,1,15,1.0
14047,Let Go,0.7864986225363984,2395.231378961463,286.92,1,21,1.0
15641,Let Go,0.7864986225363984,3203.549799499041,308.37,1,8,1.0
16134,Let Go,0.7864465646732713,3203.549799499041,283.53000000000003,1,8,1.0
12867,Let Go,0.7864155613958101,3122.492331866232,362.79,1,8,1.0
14898,Let Go,0.7863546756435253,2442.6410893668526,98.5,1,20,1.0
16556,Let Go,0.786333293768514,3122.492331866232,310.85,1,9,1.0
17236,Let Go,0.7862204932763209,2972.090351231334,126.28,1,11,1.0
17338,Let Go,0.7862147502676009,3045.435533127611,767.6,1,10,1.0
13021,Let Go,0.7861453009527595,3288.9278022441745,157.35000000000002,1,7,1.0
18065,Let Go,0.7861453009527595,2835.5114602625986,345.02,2,13,1.0
17890,Let Go,0.7861407512038318,3045.435533127611,476.96,1,10,1.0
16634,Let Go,0.7860936259497486,2395.231378961463,164.8,1,20,1.0
13013,Let Go,0.7860908869929824,2442.6410893668526,1528.34,2,20,1.0
13842,Let Go,0.7860908869929824,2710.933713193433,310.57,1,15,1.0
14621,Let Go,0.7860908869929824,3288.9278022441745,305.7,1,7,1.0
15301,Let Go,0.7860908869929824,2596.841876495792,673.37,1,17,1.0
15563,Let Go,0.7860908869929824,3288.9278022441745,270.19,1,7,1.0
17682,Let Go,0.7860908869929824,2596.841876495792,391.5,1,17,1.0
16503,Let Go,0.7858793421725294,3122.492331866232,488.09,1,9,1.0
17596,Let Go,0.7858674984508758,2596.841876495792,392.62,1,17,1.0
13880,Let Go,0.7858463533738924,2652.6615799267806,97.8,1,16,1.0
17235,Let Go,0.7858445017436302,2395.231378961463,341.9,1,21,1.0
13846,Let Go,0.7858345391796477,3122.492331866232,411.4,1,8,1.0
15353,Let Go,0.7858345391796477,2652.6615799267806,311.65,1,16,1.0
15680,Let Go,0.7858345391796477,2710.933713193433,478.89,1,15,1.0
16150,Let Go,0.7858345391796477,2395.231378961463,393.42,1,20,1.0
16583,Let Go,0.7858047597748211,2349.62699770012,233.45,1,22,1.0
13240,Let Go,0.7857243437893168,2771.823527100416,224.07,1,14,1.0
13458,Let Go,0.7854639092912151,3203.549799499041,1185.86,1,8,1.0
15157,Let Go,0.7852681951403296,3288.9278022441745,1085.46,1,7,1.0
15544,Let Go,0.7852681951403296,2395.231378961463,354.54,1,21,1.0
17033,Let Go,0.7852681951403296,3203.549799499041,307.8,1,8,1.0
14913,Let Go,0.7852644908523536,3203.549799499041,300.87,1,8,1.0
17041,Let Go,0.7852644908523536,3122.492331866232,304.5,1,9,1.0
16752,Let Go,0.785226164875398,2395.231378961463,207.5,1,21,1.0
15023,Let Go,0.785200407709429,2543.3229748540034,460.6,1,18,1.0
13198,Let Go,0.7851583316327495,3045.435533127611,384.55,1,10,1.0
16560,Let Go,0.7851583316327495,3288.9278022441745,332.18,1,7,1.0
13033,Let Go,0.7850667963479998,3378.981239070697,190.55,1,6,1.0
13370,Let Go,0.7850667963479998,2442.6410893668526,754.87,1,20,1.0
15192,Let Go,0.7850015708256501,2771.823527100416,315.0,1,14,1.0
16003,Let Go,0.7849119463833972,3203.549799499041,1181.0,1,8,1.0
13004,Let Go,0.7848240618202675,3378.981239070697,357.01,1,6,1.0
13138,Let Go,0.784798885329129,2395.231378961463,193.23,1,21,1.0
15512,Let Go,0.784798885329129,3203.549799499041,101.2,1,8,1.0
13317,Let Go,0.7847453316710429,3288.9278022441745,238.05,2,7,1.0
13178,Let Go,0.7847421219451721,3122.492331866232,710.0,1,9,1.0
14766,Let Go,0.7847421219451721,2710.933713193433,180.4,1,15,1.0
15394,Let Go,0.7847421219451721,3288.9278022441745,587.66,1,7,1.0
15498,Let Go,0.7847421219451721,2710.933713193433,976.72,2,15,1.0
18075,Let Go,0.7847421219451721,3122.492331866232,198.95,1,9,1.0
18074,Let Go,0.7847256333232173,2349.62699770012,489.6,1,22,1.0
15660,Let Go,0.7847113412735203,2771.823527100416,209.3,1,14,1.0
15605,Let Go,0.7845292281668553,2349.62699770012,194.85,1,22,1.0
16048,Let Go,0.7844957366958198,2349.62699770012,256.44,2,22,1.0
15919,Let Go,0.7843957196840025,2596.841876495792,270.72,1,17,1.0
12947,Let Go,0.7843944078011534,2349.62699770012,304.04,1,21,1.0
16746,Let Go,0.7843507195632546,3288.9278022441745,311.64,1,7,1.0
16327,Let Go,0.7843406712504478,2543.3229748540034,535.6,1,18,1.0
17135,Let Go,0.7841542567190319,2442.6410893668526,215.58,1,20,1.0
15358,Let Go,0.7841184702987206,2771.823527100416,624.55,2,14,1.0
13531,Let Go,0.7840796973544641,2710.933713193433,305.45,1,15,1.0
15260,Let Go,0.7840796973544641,2395.231378961463,420.5,2,21,1.0
13324,Let Go,0.7840747820608217,3122.492331866232,650.1,1,9,1.0
15822,Let Go,0.7840269586863738,3203.549799499041,440.2,1,8,1.0
16858,Let Go,0.7840176755351984,2596.841876495792,375.69000000000005,1,17,1.0
17581,Let Go,0.7840176755351984,2395.231378961463,786.78,2,21,1.0
14293,Let Go,0.7839866722577375,2596.841876495792,364.92,1,17,1.0
14643,Let Go,0.7839866722577375,3288.9278022441745,357.94,1,6,1.0
15628,Let Go,0.7839866722577375,2710.933713193433,319.18,1,15,1.0
16163,Let Go,0.7839866722577375,2771.823527100416,441.6,1,13,1.0
16945,Let Go,0.7839866722577375,3288.9278022441745,279.85,1,6,1.0
17454,Let Go,0.7839866722577375,3203.549799499041,165.85,1,8,1.0
17692,Let Go,0.7839866722577375,3203.549799499041,343.26,1,8,1.0
18223,Let Go,0.7839866722577375,3288.9278022441745,501.69,1,6,1.0
18269,Let Go,0.7839866722577375,2710.933713193433,168.6,1,15,1.0
16839,Let Go,0.7839696030454484,2543.3229748540034,552.24,1,18,1.0
16701,Let Go,0.7838783192165991,3045.435533127611,476.76,1,10,1.0
16306,Let Go,0.7837712902858462,2652.6615799267806,68.1,1,16,1.0
13327,Let Go,0.7837402870083853,2771.823527100416,745.0,2,14,1.0
14395,Let Go,0.7837402870083853,2395.231378961463,308.68,1,20,1.0
13963,Let Go,0.7837303244444026,2652.6615799267806,151.3,1,16,1.0
14189,Let Go,0.7837303244444026,2596.841876495792,311.24,1,17,1.0
16553,Let Go,0.7837303244444026,3122.492331866232,1609.44,2,9,1.0
17420,Let Go,0.7837303244444026,2349.62699770012,130.85,1,22,1.0
13506,Let Go,0.7834966453608,2543.3229748540034,301.12,1,18,1.0
17007,Let Go,0.783311849925229,3378.981239070697,207.12,2,6,1.0
13652,Let Go,0.7832520536319822,2596.841876495792,308.8,1,17,1.0
15620,Let Go,0.7831639804050847,3288.9278022441745,424.49,1,7,1.0
16670,Let Go,0.7831639804050847,3288.9278022441745,403.61,1,7,1.0
15827,Let Go,0.7831158486876404,2395.231378961463,190.93,2,21,1.0
14001,Let Go,0.7830541168975046,2349.62699770012,301.24,1,22,1.0
14388,Let Go,0.7830541168975046,2395.231378961463,312.8,1,21,1.0
14440,Let Go,0.7830541168975046,2771.823527100416,656.7,1,14,1.0
16271,Let Go,0.7830377720419809,3288.9278022441745,133.22,1,6,1.0
14142,Let Go,0.7830350201531425,2349.62699770012,311.81,1,21,1.0
16186,Let Go,0.7830350201531425,2395.231378961463,307.68,1,21,1.0
16244,Let Go,0.782962653940124,2395.231378961463,1056.63,1,21,1.0
17470,Let Go,0.7829568526244103,2652.6615799267806,178.4,1,16,1.0
13094,Let Go,0.7829297727495371,2596.841876495792,223.68,1,17,1.0
13959,Let Go,0.7827715185713564,2972.090351231334,214.74,1,11,1.0
13238,Let Go,0.7826946705938841,3122.492331866232,91.15,1,9,1.0
15596,Let Go,0.7826946705938841,2771.823527100416,402.32,1,13,1.0
16037,Let Go,0.7826946705938841,3288.9278022441745,300.46,1,7,1.0
18239,Let Go,0.7826946705938841,2395.231378961463,438.1,1,20,1.0
13126,Let Go,0.7826379072099272,2710.933713193433,223.44,2,15,1.0
14146,Let Go,0.7826379072099272,3378.981239070697,1241.43,1,6,1.0
14401,Let Go,0.7826379072099272,3203.549799499041,247.38,1,8,1.0
15350,Let Go,0.7826379072099272,2349.62699770012,115.65,1,22,1.0
15392,Let Go,0.7826379072099272,3122.492331866232,338.98,1,9,1.0
15713,Let Go,0.7826379072099272,2710.933713193433,171.15,1,15,1.0
16552,Let Go,0.7826379072099272,2349.62699770012,95.29,1,22,1.0
16781,Let Go,0.7826379072099272,2395.231378961463,311.25,1,21,1.0
16816,Let Go,0.7826379072099272,3288.9278022441745,75.78,1,6,1.0
13426,Let Go,0.7823915219605749,3203.549799499041,336.98,1,8,1.0
14290,Let Go,0.7823915219605749,3045.435533127611,777.5600000000001,1,10,1.0
14215,Let Go,0.7823823101087936,2596.841876495792,166.0,1,17,1.0
13982,Let Go,0.7823017701888957,2771.823527100416,428.6,1,14,1.0
13077,Let Go,0.782262902333958,2710.933713193433,313.72,1,15,1.0
13869,Let Go,0.7820102022923107,3378.981239070697,323.62,1,6,1.0
13890,Let Go,0.7819134607999536,3288.9278022441745,190.35,1,7,1.0
16140,Let Go,0.7819134607999536,2442.6410893668526,124.14,1,20,1.0
17456,Let Go,0.7819134607999536,2771.823527100416,249.86,1,14,1.0
16863,Let Go,0.7818881676566921,2710.933713193433,164.25,1,15,1.0
17181,Let Go,0.7817986907986509,2349.62699770012,155.52,1,22,1.0
16950,Let Go,0.7816943137148263,2652.6615799267806,172.0,1,16,1.0
17643,Let Go,0.7816672013476488,2349.62699770012,101.55,1,22,1.0
13174,Let Go,0.7814934582539722,2543.3229748540034,1415.97,1,17,1.0
17288,Let Go,0.7813899087563976,3288.9278022441745,133.56,1,7,1.0
15646,Let Go,0.7812149422484955,2395.231378961463,189.8,1,20,1.0
13225,Let Go,0.7810104085244147,3045.435533127611,1206.72,1,10,1.0
14961,Let Go,0.7810104085244147,3122.492331866232,1182.7,2,9,1.0
15002,Let Go,0.7810104085244147,2652.6615799267806,631.65,1,16,1.0
15379,Let Go,0.7809308054178973,3288.9278022441745,1491.46,1,7,1.0
15727,Let Go,0.7808911813716147,3203.549799499041,1536.85,1,8,1.0
14256,Let Go,0.780882960787156,2835.5114602625986,523.86,1,13,1.0
15111,Let Go,0.780882960787156,2395.231378961463,288.5,1,21,1.0
16125,Let Go,0.7806535690773088,2652.6615799267806,289.35,1,16,1.0
17629,Let Go,0.7806535690773088,3203.549799499041,238.65,1,8,1.0
13769,Let Go,0.7806365755378037,2652.6615799267806,322.3,1,16,1.0
15752,Let Go,0.7806365755378037,2395.231378961463,259.65000000000003,1,21,1.0
15882,Let Go,0.7806365755378037,2596.841876495792,371.3200000000001,2,17,1.0
12868,Let Go,0.7805513106469344,2349.62699770012,203.3,1,22,1.0
16241,Let Go,0.7803856386047953,2543.3229748540034,277.65000000000003,1,18,1.0
15485,Let Go,0.7802156417320011,2349.62699770012,950.09,1,22,1.0
13941,Let Go,0.7801209892181247,2395.231378961463,1095.12,1,21,1.0
16098,Let Go,0.7801032334188912,2349.62699770012,430.6,1,22,1.0
17430,Let Go,0.7800496651372464,2771.823527100416,112.6,1,14,1.0
16233,Let Go,0.7800232243281748,2710.933713193433,147.39999999999998,1,15,1.0
15093,Let Go,0.7797665746451377,2395.231378961463,623.73,1,20,1.0
15738,Let Go,0.7796416974492676,2395.231378961463,329.65000000000003,1,21,1.0
15945,Let Go,0.7793953121999153,2771.823527100416,181.0,1,14,1.0
16718,Let Go,0.7793185387883012,2543.3229748540034,623.75,1,18,1.0
17863,Let Go,0.7793185387883012,2543.3229748540034,384.72,1,18,1.0
13047,Let Go,0.7791066353931142,2349.62699770012,366.63,3,22,1.0
15759,Let Go,0.7789889128274297,3288.9278022441745,97.24,1,7,1.0
14841,Let Go,0.7789061937891698,3288.9278022441745,395.16,1,7,1.0
12928,Let Go,0.7787787460519111,3203.549799499041,392.34,1,8,1.0
13209,Let Go,0.7787787460519111,3045.435533127611,318.85,1,10,1.0
13534,Let Go,0.7787787460519111,3288.9278022441745,283.2,2,7,1.0
15984,Let Go,0.7787787460519111,2596.841876495792,122.7,1,17,1.0
16062,Let Go,0.7787787460519111,2835.5114602625986,247.56,1,13,1.0
17091,Let Go,0.7787787460519111,2652.6615799267806,293.45000000000005,1,16,1.0
17158,Let Go,0.7787787460519111,3122.492331866232,413.79,1,9,1.0
17739,Let Go,0.7787787460519111,3122.492331866232,360.06,1,9,1.0
17888,Let Go,0.7787787460519111,3378.981239070697,29.43,1,6,1.0
14057,Let Go,0.7786636888339952,3122.492331866232,925.92,2,9,1.0
13611,Let Go,0.7786598085398179,3203.549799499041,303.15000000000003,1,8,1.0
14543,Let Go,0.7785827448143227,2835.5114602625986,254.4,1,13,1.0
17722,Let Go,0.7785827448143227,2710.933713193433,910.14,1,15,1.0
13786,Let Go,0.7785323608025588,2652.6615799267806,230.4,1,16,1.0
14865,Let Go,0.7783363595649704,2395.231378961463,37.2,1,20,1.0
14355,Let Go,0.7780954098658281,2771.823527100416,174.4,1,14,1.0
17787,Let Go,0.7777707354630005,2442.6410893668526,736.28,1,20,1.0
16255,Let Go,0.7776025307377892,2771.823527100416,374.25,1,14,1.0
15953,Let Go,0.77756359236553,2543.3229748540034,209.84,1,18,1.0
17696,Let Go,0.7772910974646705,2835.5114602625986,175.6,2,13,1.0
13523,Let Go,0.7771327533122533,2710.933713193433,566.95,1,15,1.0
13874,Let Go,0.777055097349449,3288.9278022441745,540.45,1,6,1.0
15028,Let Go,0.777055097349449,2596.841876495792,185.97,1,17,1.0
16316,Let Go,0.777055097349449,3288.9278022441745,308.22,1,7,1.0
17655,Let Go,0.7769135989577299,2710.933713193433,676.1,1,14,1.0
18050,Let Go,0.7769135989577299,3203.549799499041,74.4,1,8,1.0
14150,Let Go,0.776767154545859,3203.549799499041,306.18,1,8,1.0
15777,Let Go,0.7765673761996693,3045.435533127611,365.55,1,9,1.0
16250,Let Go,0.7765249038433827,2349.62699770012,226.14,1,22,1.0
15290,Let Go,0.7764949216731734,3203.549799499041,219.6,1,8,1.0
16510,Let Go,0.776446268460434,2395.231378961463,248.1,1,21,1.0
15732,Let Go,0.7763664690127662,2395.231378961463,138.1,1,21,1.0
16705,Let Go,0.776143997803284,3288.9278022441745,1131.72,2,7,1.0
16814,Let Go,0.7761206329783734,2543.3229748540034,273.29,1,18,1.0
15805,Let Go,0.7761146709216034,2835.5114602625986,370.80000000000007,1,13,1.0
18225,Let Go,0.7759451639416003,2771.823527100416,30.0,1,14,1.0
17146,Let Go,0.7758681762610913,3288.9278022441745,298.25,1,7,1.0
15062,Let Go,0.7756665207277554,3203.549799499041,209.08,1,8,1.0
17491,Let Go,0.7756665207277554,2652.6615799267806,327.40000000000003,1,16,1.0
17552,Let Go,0.7756665207277554,2395.231378961463,298.52,2,20,1.0
17802,Let Go,0.7755650290362591,2395.231378961463,100.2,1,21,1.0
13599,Let Go,0.7755014571397356,2710.933713193433,352.84,2,15,1.0
13113,Let Go,0.775285742722149,2710.933713193433,372.97,1,15,1.0
14688,Let Go,0.7752406059622858,2349.62699770012,444.98,1,22,1.0
13148,Let Go,0.7747890467997444,2835.5114602625986,309.40000000000003,1,13,1.0
17880,Let Go,0.7747890467997444,2835.5114602625986,458.92,1,13,1.0
13705,Let Go,0.7745426615503922,2349.62699770012,318.14,1,22,1.0
14201,Let Go,0.7743770375951613,3203.549799499041,67.24000000000001,1,8,1.0
16203,Let Go,0.7741764524145657,2395.231378961463,170.7,1,21,1.0
15366,Let Go,0.7740960147053099,3288.9278022441745,105.54,1,7,1.0
16596,Let Go,0.7740764649038201,2710.933713193433,120.65,1,14,1.0
15899,Let Go,0.7738636058376798,2596.841876495792,56.25,1,17,1.0
16122,Let Go,0.7738496294559576,2710.933713193433,105.72,1,15,1.0
13999,Let Go,0.7735734165624428,3045.435533127611,302.1,1,10,1.0
17227,Let Go,0.773482713613049,2596.841876495792,142.25,1,17,1.0
13000,Let Go,0.7732391801217815,2835.5114602625986,201.75,1,13,1.0
14309,Let Go,0.773035936028978,3288.9278022441745,147.75,1,7,1.0
18071,Let Go,0.773035936028978,2771.823527100416,258.95,1,14,1.0
15160,Let Go,0.7727895507796257,3378.981239070697,158.16,1,6,1.0
16531,Let Go,0.7727895507796257,3122.492331866232,92.82,1,9,1.0
16985,Let Go,0.7727895507796257,3288.9278022441745,933.32,1,7,1.0
13787,Let Go,0.7726848320644994,2835.5114602625986,106.4,1,13,1.0
14735,Let Go,0.7726848320644994,3288.9278022441745,252.2,1,7,1.0
17567,Let Go,0.7726848320644994,2395.231378961463,517.95,1,21,1.0
12855,Let Go,0.7724384468151472,2395.231378961463,38.1,1,21,1.0
15750,Let Go,0.7723366450074906,2710.933713193433,340.52,2,15,1.0
15987,Let Go,0.7719917999700648,2596.841876495792,113.48,1,17,1.0
13497,Let Go,0.7718250956055183,2596.841876495792,153.5,1,17,1.0
15197,Let Go,0.7717454147207126,3288.9278022441745,556.5,1,6,1.0
15204,Let Go,0.7713991919626519,3378.981239070697,316.58,1,6,1.0
17519,Let Go,0.7713368512395946,2596.841876495792,335.3,1,17,1.0
14491,Let Go,0.7711803649442747,2395.231378961463,127.2,1,21,1.0
13081,Let Go,0.7710904659902424,2442.6410893668526,2366.78,2,19,1.0
15923,Let Go,0.7709427428098156,2395.231378961463,127.08,1,21,1.0
14220,Let Go,0.7706853360443808,3288.9278022441745,312.98,1,6,1.0
12913,Let Go,0.7701386668495336,2596.841876495792,417.62,1,16,1.0
15079,Let Go,0.7701386668495336,2771.823527100416,141.95,1,14,1.0
16019,Let Go,0.7701386668495336,2835.5114602625986,219.1,1,13,1.0
13948,Let Go,0.7689862512549975,3122.492331866232,102.0,1,9,1.0
17525,Let Go,0.7689862512549975,3203.549799499041,422.7000000000001,1,8,1.0
13255,Let Go,0.7683585075271055,2349.62699770012,225.7,1,22,1.0
14466,Let Go,0.7683585075271055,2395.231378961463,379.75,1,21,1.0
15922,Let Go,0.7682808373636406,2349.62699770012,369.5,1,22,1.0
12931,Let Go,0.7681121222777533,3378.981239070697,177.0,2,5,1.0
15032,Let Go,0.7681121222777533,2710.933713193433,2770.6,2,15,1.0
17978,Let Go,0.7681121222777533,2771.823527100416,300.92,1,14,1.0
14282,Let Go,0.7680344521142887,2652.6615799267806,571.0,1,16,1.0
13305,Let Go,0.7675576767704971,2395.231378961463,136.2,1,21,1.0
13831,Let Go,0.7670656836772598,2543.3229748540034,408.0,1,18,1.0
15547,Let Go,0.7670656836772598,2972.090351231334,767.37,1,11,1.0
18259,Let Go,0.7670115011077938,2710.933713193433,376.30000000000007,1,15,1.0
14544,Let Go,0.7669756830345029,3045.435533127611,1121.92,1,10,1.0
17524,Let Go,0.7669756830345029,3045.435533127611,145.0,1,10,1.0
15854,Let Go,0.7666422851926207,3045.435533127611,230.1,1,10,1.0
13576,Let Go,0.7660079075425082,2349.62699770012,349.15,1,21,1.0
14236,Let Go,0.7660079075425082,2395.231378961463,189.3,1,20,1.0
14952,Let Go,0.7660079075425082,2835.5114602625986,686.16,1,13,1.0
15347,Let Go,0.7660079075425082,2710.933713193433,201.6,1,15,1.0
16679,Let Go,0.7660079075425082,2710.933713193433,129.75,1,15,1.0
17262,Let Go,0.7659080964709633,2710.933713193433,268.86,1,15,1.0
16905,Let Go,0.7652063284072028,2442.6410893668526,254.4,1,20,1.0
17396,Let Go,0.7649844771961276,2442.6410893668526,397.5,1,20,1.0
16928,Let Go,0.7643727735156567,2349.62699770012,116.25,1,22,1.0
12829,Let Go,0.7637976558201258,3122.492331866232,85.75,1,9,1.0
17324,Let Go,0.7635843937863811,2710.933713193433,127.05,1,15,1.0
14299,Let Go,0.7632151225688275,2771.823527100416,429.24,1,14,1.0
17025,Let Go,0.7632151225688275,2349.62699770012,160.97,2,22,1.0
16983,Let Go,0.7629349243702344,2543.3229748540034,163.49,1,18,1.0
14708,Let Go,0.7627193507847809,2596.841876495792,419.06,1,17,1.0
16665,Let Go,0.7621373516004734,2972.090351231334,135.39999999999998,1,11,1.0
15456,Let Go,0.7619509369041656,3203.549799499041,243.22,1,8,1.0
13848,Let Go,0.7618440386698644,2710.933713193433,320.0,1,15,1.0
17371,Let Go,0.7613919072670702,3045.435533127611,97.63,1,10,1.0
17026,Let Go,0.760724672647852,2543.3229748540034,33.15,1,18,1.0
14496,Let Go,0.7596950063918635,2349.62699770012,304.34000000000003,1,22,1.0
15361,Let Go,0.7596950063918635,3045.435533127611,418.92,1,10,1.0
17674,Let Go,0.7596950063918635,2596.841876495792,300.66,1,17,1.0
17924,Let Go,0.7593712455149826,2349.62699770012,279.0,1,22,1.0
12980,Let Go,0.7581443917459899,3288.9278022441745,889.32,1,7,1.0
12875,Let Go,0.7571644341986946,2972.090351231334,293.76000000000005,1,11,1.0
13270,Let Go,0.7568692436743304,2710.933713193433,590.0,1,15,1.0
17980,Let Go,0.7567487754919509,3203.549799499041,295.2,1,8,1.0
16565,Let Go,0.7552673636682408,2835.5114602625986,173.7,1,13,1.0
17969,Let Go,0.7552673636682408,3045.435533127611,125.2,1,10,1.0
13211,Let Go,0.7549436027913599,3045.435533127611,110.7,1,9,1.0
14525,Let Go,0.7549436027913599,3045.435533127611,462.3,1,9,1.0
15973,Let Go,0.7549436027913599,2710.933713193433,307.82000000000005,1,15,1.0
16191,Let Go,0.7549436027913599,3122.492331866232,627.5999999999999,2,9,1.0
16927,Let Go,0.7549436027913599,3045.435533127611,218.1,1,10,1.0
18061,Let Go,0.7549436027913599,2710.933713193433,405.16,1,15,1.0
16168,Let Go,0.7504323843501549,2543.3229748540034,275.8,1,18,1.0
17450,Let Go,0.7354875970595641,2652.6615799267806,2028.84,2,16,1.0
15299,Let Go,0.7261117993759726,2395.231378961463,1835.01,3,20,1.0
17949,Let Go,0.7256817447129525,2442.6410893668526,1314.0,1,20,1.0
17460,Let Go,0.7180177018058483,2820.477279079924,70.30000000000001,2,21,0.9999999973352648
17884,Let Go,0.7139851459846986,3536.713555133684,324.62,2,17,0.9999999977564024
16754,Let Go,0.6911853925259994,2395.231378961463,2002.4,1,20,1.0
17965,Let Go,0.631926875154223,3554.2822348077925,156.8,2,13,0.9999999980093977
16393,Let Go,0.5873619701836895,3462.0819760729414,291.55,2,11,0.9999999982744024
16955,Let Go,0.5833907598458974,2703.7761452419904,189.1,2,17,0.999999997828781
16638,Let Go,0.5793598260685493,2894.8534998130367,70.80000000000001,2,8,0.9999999984767572
17954,Let Go,0.5789150783269781,2719.4705109350566,128.68,2,16,0.9999999978666674
17951,Let Go,0.5694423736803009,3247.04005306458,409.50000000000006,2,7,0.9999999985808788
16770,Let Go,0.5692194563904893,3429.0287149032806,262.20000000000005,2,7,0.999999998573588
17685,Let Go,0.5684599939621744,2602.418662100135,463.02,2,9,0.9999999984566426
17287,Let Go,0.5679006366548719,3274.3726383565017,222.7,2,16,0.9999999978991708
15107,Let Go,0.5657933985346181,2948.036016516413,177.05,2,9,0.9999999984566426
15529,Let Go,0.5610289849934271,3063.8252715686,321.46,2,13,0.9999999980234816
13491,Let Go,0.5569525804505936,3197.249717371376,196.4,2,8,0.9999999985169384
14829,Let Go,0.5493789016725724,3544.9865845497507,385.33,2,9,0.9999999984566426
17346,Let Go,0.5492568061364212,3161.392150706158,247.84,2,8,0.9999999985257948
17857,Let Go,0.544735294579863,2972.0254275269617,1340.7,2,6,0.999999998511044
15581,Let Go,0.5416326443724769,3321.810029473103,325.96,4,2,0.9999999987456212
17659,Let Go,0.5355306063769082,3297.413797528574,359.95,2,6,0.999999998573588
15602,Let Go,0.5336724768505174,3188.393709696263,152.55,2,9,0.9999999984083384
17526,Let Go,0.5230449949196562,3021.8717394765886,238.6,2,9,0.9999999983644436
15881,Let Go,0.5180221638155698,3326.0283667036465,155.25,2,10,0.9999999982626032
14344,Let Go,0.5017087637471915,3026.043522409663,355.65000000000003,3,6,0.9999999982887556
